recon_mse,contrast_align,track_err_km_6h,crps_6h,cone_p50_6h,cone_p90_6h,n_valid_6h,track_err_km_12h,crps_12h,cone_p50_12h,cone_p90_12h,n_valid_12h,track_err_km_24h,crps_24h,cone_p50_24h,cone_p90_24h,n_valid_24h,track_err_km_48h,crps_48h,cone_p50_48h,cone_p90_48h,n_valid_48h,track_err_km_72h,crps_72h,cone_p50_72h,cone_p90_72h,n_valid_72h,track_err_km_120h,crps_120h,cone_p50_120h,cone_p90_120h,n_valid_120h,linear_probe_acc,epoch,selection_metric,selection_score,train_loss,train_L_future,train_L_mask,train_L_contrast,train_L_horizon,selected_checkpoint
0.2916308601697286,0.9679182171821594,153.57155935605473,0.717106286018554,0.5630252100840336,0.7857142857142857,238,299.7910390787984,1.4870228021849925,0.22943722943722944,0.5411255411255411,231,597.8519821555926,3.2645149086642764,0.0593607305936073,0.1872146118721461,219,1129.553935214167,6.5286516181290555,0.020618556701030927,0.04639175257731959,194,1584.9802374530093,9.349183410815842,0.005917159763313609,0.011834319526627219,169,2346.131537608487,14.039698548885088,0.008403361344537815,0.008403361344537815,119,0.9166666666666666,1,mean_track_err_km,1018.6467151443516,32.60823877802435,0.19891393156546466,0.3167802320336396,1.433916133529735,31.37558650970459,False
0.20370880166689556,0.9839087804158528,143.40442231016974,0.6647547556275699,0.6722689075630253,0.8319327731092437,238,287.9981450082502,1.3674049629459428,0.4069264069264069,0.7012987012987013,231,582.0694092778691,3.0727935485787725,0.0958904109589041,0.2968036529680365,219,1125.2585714755237,6.305496785444062,0.030927835051546393,0.10824742268041238,194,1566.3818994451683,8.9497738817332,0.011834319526627219,0.07100591715976332,169,2326.3788190093787,13.450705675646386,0.008403361344537815,0.04201680672268908,119,0.875,2,mean_track_err_km,1005.24854442106,23.59775687163731,-0.06602007962701807,0.24325646656864094,0.7630416261699965,23.038999791415232,False
0.12703935553630194,0.9843668540318807,141.8446392444794,0.6381238831021683,0.6092436974789915,0.819327731092437,238,278.44642343867906,1.2354418386187411,0.5627705627705628,0.8311688311688312,231,549.6309484046753,2.4569947079280454,0.589041095890411,0.817351598173516,219,1066.1199165524245,4.919941686131134,0.5051546391752577,0.8041237113402062,194,1479.2559202491336,7.010393666748648,0.3727810650887574,0.7100591715976331,169,2230.659814856561,11.060479585300971,0.21008403361344538,0.42857142857142855,119,0.8958333333333334,3,mean_track_err_km,957.6596104576588,3.6870235744512305,-0.6321719986087871,0.138306421913066,0.5368784271742938,3.912449944694087,False
0.12441387375195821,0.9855352799097697,141.3291586463516,0.6297573946756102,0.7352941176470589,0.8865546218487395,238,274.16667610375487,1.2188258431055008,0.6623376623376623,0.8701298701298701,231,544.3149939567463,2.41821383414607,0.593607305936073,0.8493150684931506,219,1034.0990557877294,4.736177964239737,0.4381443298969072,0.7835051546391752,194,1452.7103765285253,6.8628163115476895,0.3668639053254438,0.6923076923076923,169,2177.95684965951,10.795251366710202,0.18487394957983194,0.42857142857142855,119,0.8541666666666666,4,mean_track_err_km,937.429518447103,0.9210635929737451,-1.2625926170708999,0.11191187897380793,0.1977901709670166,1.972849243092087,False
0.1035283068815867,0.9849647283554077,139.12244914485663,0.6175476590087903,0.6932773109243697,0.8781512605042017,238,272.806683774777,1.201195771223822,0.6536796536796536,0.8831168831168831,231,543.4795304363779,2.3884971159394723,0.5662100456621004,0.867579908675799,219,1016.6469835480633,4.588786189633535,0.4484536082474227,0.8041237113402062,194,1434.1096498719405,6.708799999777249,0.3609467455621302,0.7041420118343196,169,2140.577701712329,10.552203606081715,0.21008403361344538,0.4369747899159664,119,0.875,5,mean_track_err_km,924.4571664147242,0.31798263315884573,-1.8100631057091479,0.10017396804859054,0.17292100479299166,1.9414112860301755,False
0.07887508943676949,0.98505144516627,138.45043445148977,0.6111583885905206,0.726890756302521,0.8991596638655462,238,271.5677812269145,1.1928740038541799,0.6536796536796536,0.8917748917748918,231,542.3658045501155,2.38278001830758,0.5525114155251142,0.863013698630137,219,1008.3718023471307,4.5311414029789105,0.44329896907216493,0.8041237113402062,194,1420.977268736074,6.616852942165695,0.3668639053254438,0.7100591715976331,169,2113.893873358375,10.38881884007966,0.21008403361344538,0.4369747899159664,119,0.875,6,mean_track_err_km,915.9378274450168,0.0004914031838471035,-2.0582311130919546,0.08060558990768667,0.14506596256539506,1.905583955206961,False
0.05916599134604136,0.9854371706644695,135.51575027349406,0.5979703575235273,0.6974789915966386,0.8697478991596639,238,269.99991675151466,1.1771008532948601,0.6536796536796536,0.8874458874458875,231,541.5638483083754,2.3620060403917504,0.547945205479452,0.8721461187214612,219,1000.0073901517128,4.465622504142095,0.4020618556701031,0.7989690721649485,194,1410.3545960192107,6.533794280619153,0.31952662721893493,0.7100591715976331,169,2099.4686726854447,10.291088227896731,0.19327731092436976,0.42857142857142855,119,0.875,7,mean_track_err_km,909.4850290316253,-0.1891142062421115,-2.200839380048356,0.05901697169075597,0.1303943557102444,1.8875110171875864,False
0.05152361169457435,0.9861192464828491,133.5208688730325,0.5904714373286823,0.6470588235294118,0.8445378151260504,238,268.7829477272974,1.169131499685008,0.6277056277056277,0.8831168831168831,231,542.2578669775816,2.358432920356287,0.502283105022831,0.8584474885844748,219,997.2399108881232,4.427627589090729,0.4072164948453608,0.8041237113402062,194,1404.7895124831402,6.484555995255507,0.3254437869822485,0.7041420118343196,169,2083.6954077576065,10.216929056764116,0.18487394957983194,0.4369747899159664,119,0.8958333333333334,8,mean_track_err_km,905.0477524511302,-0.3131775766048791,-2.2889114505839796,0.04610273857021107,0.11831021700427814,1.8704760164584753,False
0.04938068414727847,0.9849175612131754,130.769709438103,0.5807959115778678,0.680672268907563,0.8781512605042017,238,267.0086078925982,1.1580064559440748,0.6190476190476191,0.8874458874458875,231,542.31334990451,2.3513621934421454,0.4931506849315068,0.8584474885844748,219,994.5716961667907,4.412653748989578,0.3917525773195876,0.7989690721649485,194,1400.5688647069112,6.444704870363284,0.3136094674556213,0.7100591715976331,169,2076.9444561676883,10.15562287232246,0.19327731092436976,0.453781512605042,119,0.8958333333333334,9,mean_track_err_km,902.0294473794335,-0.4334340050535382,-2.3733108943363406,0.04048578353282416,0.10688133209170599,1.8459504325434846,False
0.04583557397127151,0.9818273663520813,127.79042180158118,0.5657407614132248,0.6512605042016807,0.8613445378151261,238,264.41041558654507,1.147358866877841,0.6017316017316018,0.8831168831168831,231,540.6544743557022,2.3414564224771093,0.4885844748858447,0.8538812785388128,219,990.7144479118394,4.375889088358854,0.4175257731958763,0.8144329896907216,194,1392.876093720825,6.385625537856536,0.31952662721893493,0.6923076923076923,169,2059.917857742957,10.058341818173574,0.18487394957983194,0.46218487394957986,119,0.8958333333333334,10,mean_track_err_km,896.0606185199082,-0.5155846532785667,-2.442734767805855,0.036452592192393427,0.10129125915615454,1.840051902914947,False
0.04189109479387601,0.9840079466501872,123.9460716501891,0.5470154152729914,0.6554621848739496,0.8781512605042017,238,261.29786681472467,1.1279771480067635,0.6060606060606061,0.8917748917748918,231,537.9715565423476,2.32196771181792,0.4931506849315068,0.8721461187214612,219,984.7936609725809,4.339002029805868,0.39690721649484534,0.8041237113402062,194,1389.7101616895511,6.355941533029529,0.2958579881656805,0.6982248520710059,169,2059.005885934658,10.0463068552733,0.18487394957983194,0.4789915966386555,119,0.875,11,mean_track_err_km,892.7875339340086,-0.597148024810935,-2.483265962240831,0.033497099325342,0.10217297729104757,1.801534358060585,False
0.040456055228908855,0.9845740000406901,119.59462946204889,0.5257033103135558,0.6302521008403361,0.8823529411764706,238,257.10644556955657,1.105331665851647,0.5757575757575758,0.8874458874458875,231,535.0944813384716,2.302337454793954,0.4657534246575342,0.863013698630137,219,979.9275244875921,4.311469680023238,0.41237113402061853,0.8144329896907216,194,1384.3572541781543,6.324022730254194,0.2781065088757396,0.6923076923076923,169,2051.094676405451,10.002291687842664,0.19327731092436976,0.4789915966386555,119,0.8541666666666666,12,mean_track_err_km,887.8625019068792,-0.6581632146295512,-2.532074955274474,0.03356498905088542,0.1087840676290106,1.7859547363137298,False
0.040079917510350546,0.9868549426396688,115.1029313779572,0.5008192873682076,0.6176470588235294,0.8991596638655462,238,251.23185137284244,1.08047162693652,0.6017316017316018,0.9004329004329005,231,529.8333137820803,2.2848905373636645,0.4840182648401826,0.8949771689497716,219,974.6529978964952,4.2841298078539225,0.4381443298969072,0.8247422680412371,194,1376.048130882159,6.26584928725295,0.3076923076923077,0.7218934911242604,169,2029.3543279057076,9.866876392453543,0.20168067226890757,0.48739495798319327,119,0.8958333333333334,13,mean_track_err_km,879.3705922028736,-0.7176586277080033,-2.5584682968427552,0.03257996617060787,0.09879266128892887,1.7588333678695391,False
0.03847987564901511,0.9818079590797424,112.15687544332593,0.48677842074762023,0.6050420168067226,0.9117647058823529,238,246.0379720779604,1.0568255250671672,0.5714285714285714,0.9047619047619048,231,525.4807687799644,2.263263749524143,0.4748858447488584,0.8767123287671232,219,969.2730561937806,4.265840317810131,0.4175257731958763,0.8195876288659794,194,1375.031591754448,6.262599890934208,0.3076923076923077,0.7100591715976331,169,2032.4617915931572,9.887642417156133,0.19327731092436976,0.48739495798319327,119,0.875,14,mean_track_err_km,876.7403426404394,-0.775573379588577,-2.598922162685754,0.03128186845273342,0.09754520413500942,1.7432943290134646,False
0.037354975814620654,0.9833003878593445,109.97853599635306,0.4766867320176138,0.5966386554621849,0.8949579831932774,238,241.69012854511814,1.039382968779268,0.5800865800865801,0.9090909090909091,231,521.0114869398179,2.2504134314630817,0.4748858447488584,0.8767123287671232,219,966.326213235203,4.252498827819609,0.42783505154639173,0.8195876288659794,194,1369.503022151961,6.232165361171037,0.3254437869822485,0.7100591715976331,169,2019.07238623434,9.827444034685042,0.20168067226890757,0.48739495798319327,119,0.8541666666666666,15,mean_track_err_km,871.2636288504655,-0.8370825704538597,-2.624336836472997,0.03132569382213197,0.10227628061020712,1.7047904212519807,False
0.036438599601387976,0.9842479785283407,107.85044878624433,0.46576628230138617,0.5798319327731093,0.9033613445378151,238,237.8323085147553,1.0200729754058955,0.5454545454545454,0.9134199134199135,231,517.744308479817,2.228365538848828,0.45662100456621,0.867579908675799,219,959.7870445156046,4.221073273621263,0.4072164948453608,0.8092783505154639,194,1364.7120515336067,6.202901786529984,0.30177514792899407,0.7041420118343196,169,2018.7916468326664,9.801008120585747,0.19327731092436976,0.4957983193277311,119,0.8958333333333334,16,mean_track_err_km,867.7863014437825,-0.867743341427929,-2.6415230508120553,0.02978183163927411,0.09623639696985505,1.6958796775565956,False
0.03943042432268461,0.9856004277865092,107.37302281224152,0.4634609733728592,0.5966386554621849,0.907563025210084,238,234.59619431096655,1.0089907281365236,0.5584415584415584,0.9177489177489178,231,514.1791287834274,2.219428369506838,0.4977168949771689,0.863013698630137,219,958.184712434763,4.212034797341549,0.4329896907216495,0.8298969072164949,194,1364.2557786510738,6.196325070686364,0.31952662721893493,0.7041420118343196,169,2011.0391345128594,9.769983356238537,0.20168067226890757,0.48739495798319327,119,0.875,17,mean_track_err_km,864.9379952508885,-0.8920310938133383,-2.6607515452043065,0.030513097619954146,0.09134759620394346,1.69253357401434,False
0.03574812139074008,0.984541916847229,107.12863703347607,0.4624109696233839,0.5798319327731093,0.9033613445378151,238,233.64243413737236,1.0045751769048836,0.5411255411255411,0.9047619047619048,231,512.1326663301375,2.2134047795055323,0.4794520547945205,0.8812785388127854,219,957.3700662795396,4.215008332639745,0.422680412371134,0.8195876288659794,194,1363.4979399677195,6.19335835183028,0.31952662721893493,0.7100591715976331,169,2014.7945099312458,9.78685729728413,0.20168067226890757,0.48739495798319327,119,0.8958333333333334,18,mean_track_err_km,864.7610422799152,-0.9137500906890293,-2.668929540886069,0.029613824596382538,0.0872292216375189,1.6819510189992077,False
0.0387899878124396,0.9824970960617065,106.50666946743115,0.46035975917440036,0.5462184873949579,0.8991596638655462,238,232.1929537693306,0.9983494038375992,0.5541125541125541,0.9090909090909091,231,511.5342943958697,2.2128279920166283,0.4748858447488584,0.8767123287671232,219,957.0324179862748,4.216869981914478,0.4329896907216495,0.8247422680412371,194,1363.4449561882545,6.200269080185853,0.31952662721893493,0.7041420118343196,169,2005.2004686200448,9.733812420100168,0.19327731092436976,0.4957983193277311,119,0.8958333333333334,19,mean_track_err_km,862.6519600712008,-0.9363805955311038,-2.6895438185277976,0.02964460429788198,0.0827803229144335,1.6821284361605375,False
0.03646805758277575,0.9830309311548869,106.88452029163189,0.4631933777607907,0.5882352941176471,0.8907563025210085,238,231.0134822454973,0.9933153456279515,0.5757575757575758,0.9134199134199135,231,509.32995249811614,2.1978735055969283,0.4885844748858447,0.8858447488584474,219,954.1141663414855,4.19051099717393,0.42783505154639173,0.845360824742268,194,1357.8205661995732,6.160102753884413,0.33136094674556216,0.7159763313609467,169,2002.012047441302,9.717159895930624,0.21008403361344538,0.48739495798319327,119,0.8958333333333334,20,mean_track_err_km,860.1957891696011,-0.9298552297196299,-2.6884481591998406,0.02945332295911492,0.1014059728795645,1.6784366436724394,True
