storm_id,model,n_windows,mean_err_6h,mean_err_12h,mean_err_24h,mean_err_48h
AL012010,LSTM,20,9358.0,9052.4,9520.5,8870.0
AL012010,Transformer,20,10552.7,10229.2,10729.8,10809.7
AL012010,GNO+DynGNN,20,9086.3,9269.8,8253.0,9655.1
AL022010,LSTM,1,9938.6,9665.6,9998.5,9559.8
AL022010,Transformer,1,10936.1,10699.5,11426.4,11473.7
AL022010,GNO+DynGNN,1,9669.1,9733.6,8831.2,10476.8
AL032010,LSTM,6,8253.3,8045.7,8491.3,8244.8
AL032010,Transformer,6,9341.9,9107.5,9926.5,10158.5
AL032010,GNO+DynGNN,6,7999.9,8180.5,7345.8,9154.3
AL042010,LSTM,13,6411.9,6217.4,6655.1,6049.0
AL042010,Transformer,13,7615.5,7320.3,8055.6,7957.3
AL042010,GNO+DynGNN,13,6192.0,6463.7,5512.7,6984.7
AL052010,LSTM,20,9004.1,8725.0,8737.9,8101.0
AL052010,Transformer,20,9887.2,9635.0,10333.4,9986.6
AL052010,GNO+DynGNN,20,8739.8,8686.5,7676.7,9077.1
AL062010,LSTM,39,5549.4,5329.3,5342.2,5125.6
AL062010,Transformer,39,6396.8,6139.8,6985.1,6695.8
AL062010,GNO+DynGNN,39,5374.8,5337.1,4592.7,6044.3
AL072010,LSTM,43,6029.4,5809.6,6218.8,5831.8
AL072010,Transformer,43,7124.0,6845.1,7585.2,7632.9
AL072010,GNO+DynGNN,43,5814.5,6003.2,5145.2,6645.8
AL082010,LSTM,12,6275.0,6075.6,6584.1,5981.8
AL082010,Transformer,12,7526.2,7216.5,7924.7,7870.6
AL082010,GNO+DynGNN,12,6052.4,6363.9,5410.7,6909.6
AL092010,LSTM,18,4542.6,4329.5,4997.0,4552.5
AL092010,Transformer,18,5921.9,5520.6,6179.2,6522.5
AL092010,GNO+DynGNN,18,4350.6,4710.1,3688.1,5420.2
AL102010,LSTM,11,10012.7,9720.8,9862.8,9151.3
AL102010,Transformer,11,10997.3,10734.2,11378.7,10999.6
AL102010,GNO+DynGNN,11,9729.4,9757.7,8783.2,10083.1
AL112010,LSTM,49,5431.5,5199.5,5540.5,5176.3
AL112010,Transformer,49,6480.0,6189.3,6932.0,6945.1
AL112010,GNO+DynGNN,49,5236.6,5368.3,4529.3,5973.5
AL122010,LSTM,39,4605.4,4430.8,4411.0,4146.0
AL122010,Transformer,39,5437.3,5184.2,6130.7,5864.9
AL122010,GNO+DynGNN,39,4467.1,4404.6,3649.7,5160.8
AL132010,LSTM,10,9234.4,8960.9,9541.0,8912.1
AL132010,Transformer,10,10470.1,10170.0,10689.9,10874.5
AL132010,GNO+DynGNN,10,8966.6,9218.4,8230.7,9659.6
AL142010,LSTM,26,3266.1,3095.4,3017.6,2694.5
AL142010,Transformer,26,4219.9,3838.3,4737.6,4355.4
AL142010,GNO+DynGNN,26,3164.6,3086.9,2296.1,3830.1
AL152010,LSTM,4,8647.7,8378.7,9141.6,8575.5
AL152010,Transformer,4,10023.9,9673.8,10174.6,10554.5
AL152010,GNO+DynGNN,4,8393.9,8749.3,7762.6,9297.6
AL172010,LSTM,35,5190.7,5003.9,4111.8,3962.9
AL172010,Transformer,35,5440.7,5248.4,6244.3,5141.3
AL172010,GNO+DynGNN,35,5137.3,4565.5,4055.5,5063.9
AL182010,LSTM,9,8831.0,8441.2,8762.9,7632.7
AL182010,Transformer,9,10037.6,9636.7,9972.4,9588.8
AL182010,GNO+DynGNN,9,8547.8,8679.6,7505.7,8362.1
AL192010,LSTM,17,8506.0,8161.9,8764.4,8014.1
AL192010,Transformer,17,9854.8,9441.7,9805.9,9997.4
AL192010,GNO+DynGNN,17,8247.0,8499.3,7372.7,8752.9
AL212010,LSTM,42,7119.3,6755.8,7179.2,6238.4
AL212010,Transformer,42,8421.9,7973.7,8333.4,8162.5
AL212010,GNO+DynGNN,42,6872.9,7077.3,5882.4,7026.3
AL012011,LSTM,1,9817.7,9493.6,9942.2,9238.5
AL012011,Transformer,1,10974.3,10645.8,11202.3,11201.7
AL012011,GNO+DynGNN,1,9548.3,9667.5,8668.3,10062.5
AL022011,LSTM,17,7932.8,7595.4,7537.0,6658.1
AL022011,Transformer,17,8850.4,8527.2,9138.6,8480.3
AL022011,GNO+DynGNN,17,7675.6,7596.0,6517.1,7631.3
AL032011,LSTM,1,6000.7,5829.9,5039.4,5275.1
AL032011,Transformer,1,6376.7,6193.3,7247.6,6284.1
AL032011,GNO+DynGNN,1,5856.5,5427.0,4864.8,6379.2
AL042011,LSTM,2,9289.9,9072.9,9520.3,9135.6
AL042011,Transformer,2,10379.0,10158.2,10909.0,11051.1
AL042011,GNO+DynGNN,2,9022.8,9202.5,8342.0,10016.9
AL052011,LSTM,12,7467.6,7205.0,7730.1,7027.5
AL052011,Transformer,12,8768.3,8407.8,8962.0,8966.6
AL052011,GNO+DynGNN,12,7226.2,7508.7,6458.6,7904.6
AL062011,LSTM,3,6377.0,6012.6,5065.7,4366.9
AL062011,Transformer,3,6787.0,6445.0,7154.2,5880.0
AL062011,GNO+DynGNN,3,6206.0,5639.0,4639.5,5478.1
AL072011,LSTM,7,6767.1,6504.0,6313.6,5608.4
AL072011,Transformer,7,7621.3,7334.4,8099.5,7227.2
AL072011,GNO+DynGNN,7,6550.9,6465.3,5502.6,6689.6
AL082011,LSTM,5,9036.3,8753.1,9415.4,8912.8
AL082011,Transformer,5,10345.1,10010.6,10499.7,10883.3
AL082011,GNO+DynGNN,5,8772.2,9065.2,8064.7,9646.8
AL092011,LSTM,31,7671.7,7378.8,7608.8,7038.8
AL092011,Transformer,31,8666.1,8387.9,9034.3,8821.5
AL092011,GNO+DynGNN,31,7417.4,7483.1,6574.8,7846.0
AL112011,LSTM,1,6807.6,6605.6,6728.2,6259.7
AL112011,Transformer,1,7770.0,7521.4,8374.5,7994.1
AL112011,GNO+DynGNN,1,6590.3,6651.2,5766.7,7325.9
AL122011,LSTM,52,5680.5,5435.8,5691.8,5310.5
AL122011,Transformer,52,6726.2,6415.1,7140.9,7000.1
AL122011,GNO+DynGNN,52,5475.9,5586.7,4713.2,6161.6
AL202011,LSTM,2,7082.2,6872.3,6501.5,6078.4
AL202011,Transformer,2,7688.0,7523.9,8404.4,7698.6
AL202011,GNO+DynGNN,2,6877.4,6663.9,5786.8,7157.6
AL132011,LSTM,10,9511.0,9197.6,9211.3,8309.1
AL132011,Transformer,10,10396.5,10144.3,10740.0,10164.2
AL132011,GNO+DynGNN,10,9228.6,9179.0,8138.2,9224.9
AL142011,LSTM,30,6355.0,6089.5,6586.4,5891.7
AL142011,Transformer,30,7633.6,7264.7,7851.5,7786.5
AL142011,GNO+DynGNN,30,6122.9,6397.7,5350.1,6766.5
AL152011,LSTM,11,9550.5,9188.9,9615.7,8873.8
AL152011,Transformer,11,10751.4,10386.0,10794.8,10844.9
AL152011,GNO+DynGNN,11,9269.0,9403.6,8299.8,9643.1
AL162011,LSTM,47,5963.2,5682.8,6064.8,5386.9
AL162011,Transformer,47,7167.8,6793.8,7382.8,7222.8
AL162011,GNO+DynGNN,47,5745.4,5938.8,4913.9,6251.8
AL172011,LSTM,53,4725.7,4493.5,4826.4,4234.8
AL172011,Transformer,53,5881.5,5520.5,6250.9,6117.5
AL172011,GNO+DynGNN,53,4539.3,4705.0,3718.6,5187.7
AL182011,LSTM,19,8640.2,8284.5,8802.9,7903.7
AL182011,Transformer,19,9941.3,9536.1,9883.3,9866.2
AL182011,GNO+DynGNN,19,8371.4,8593.8,7466.8,8615.9
AL192011,LSTM,16,7362.1,7053.9,7084.3,6251.7
AL192011,Transformer,16,8314.2,8006.5,8641.4,8063.4
AL192011,GNO+DynGNN,16,7118.7,7098.4,6054.6,7205.1
AL012012,LSTM,8,8268.4,7941.4,7843.3,6802.1
AL012012,Transformer,8,9149.2,8860.0,9444.1,8635.2
AL012012,GNO+DynGNN,8,8007.7,7922.7,6808.8,7774.7
AL022012,LSTM,21,8368.6,8061.9,7969.7,7079.4
AL022012,Transformer,21,9217.7,8949.3,9606.6,8889.6
AL022012,GNO+DynGNN,21,8107.7,8017.3,6980.8,8045.6
AL032012,LSTM,19,6362.6,6160.6,5578.9,5232.7
AL032012,Transformer,19,6758.3,6619.8,7617.2,6737.7
AL032012,GNO+DynGNN,19,6213.7,5822.4,5114.7,6311.8
AL042012,LSTM,6,8885.2,8539.2,8592.0,7687.7
AL042012,Transformer,6,9821.9,9520.5,10082.5,9576.9
AL042012,GNO+DynGNN,6,8607.6,8561.8,7491.0,8568.4
AL052012,LSTM,27,7762.9,7516.3,8289.9,7764.8
AL052012,Transformer,27,9125.1,8795.1,9330.4,9742.6
AL052012,GNO+DynGNN,27,7510.7,7894.5,6921.5,8473.1
AL062012,LSTM,9,3503.2,3329.8,3912.7,3614.6
AL062012,Transformer,9,4783.8,4410.3,5207.4,5567.4
AL062012,GNO+DynGNN,9,3343.5,3639.8,2695.8,4514.2
AL072012,LSTM,26,7872.7,7673.9,8489.3,8022.8
AL072012,Transformer,26,9273.6,8963.8,9541.1,10007.7
AL072012,GNO+DynGNN,26,7640.1,8064.1,7103.0,8806.7
AL082012,LSTM,14,5137.6,4866.3,4114.7,3952.4
AL082012,Transformer,14,5557.5,5295.5,6192.0,5190.7
AL082012,GNO+DynGNN,14,5035.4,4518.9,3857.5,5029.6
AL092012,LSTM,39,7927.1,7680.4,8167.4,7690.0
AL092012,Transformer,39,9074.8,8799.7,9466.2,9597.5
AL092012,GNO+DynGNN,39,7669.6,7888.0,6970.8,8504.9
AL112012,LSTM,10,5555.8,5351.7,5239.7,5057.0
AL112012,Transformer,10,6357.0,6125.3,7047.1,6539.8
AL112012,GNO+DynGNN,10,5386.0,5300.8,4561.1,6100.9
AL122012,LSTM,48,6077.2,5819.2,6116.1,5593.0
AL122012,Transformer,48,7168.8,6848.4,7552.9,7429.4
AL122012,GNO+DynGNN,48,5858.4,5991.0,5035.5,6492.0
AL132012,LSTM,30,4981.5,4792.2,4639.6,4431.0
AL132012,Transformer,30,5678.4,5474.9,6460.2,6093.1
AL132012,GNO+DynGNN,30,4852.7,4672.8,3970.5,5456.7
AL142012,LSTM,84,4670.2,4516.4,4093.5,3923.1
AL142012,Transformer,84,5172.9,4999.8,6052.1,5439.6
AL142012,GNO+DynGNN,84,4588.3,4259.4,3673.7,5006.3
AL152012,LSTM,1,4270.9,4041.1,4278.5,3302.8
AL152012,Transformer,1,5512.0,5086.5,5723.1,5100.1
AL152012,GNO+DynGNN,1,4096.9,4293.8,3194.7,4400.7
AL172012,LSTM,44,6017.1,5857.9,5123.8,5079.7
AL172012,Transformer,44,6228.4,6133.7,7186.5,6258.4
AL172012,GNO+DynGNN,44,5945.1,5448.1,4989.2,6120.0
AL182012,LSTM,33,7892.8,7555.9,7747.6,7119.1
AL182012,Transformer,33,8925.4,8586.1,9141.1,8938.6
AL182012,GNO+DynGNN,33,7638.4,7673.7,6677.8,7942.1
AL192012,LSTM,8,5337.7,5027.7,4728.6,3765.3
AL192012,Transformer,8,6302.8,5870.0,6472.8,5369.5
AL192012,GNO+DynGNN,8,5154.1,5045.6,3927.5,4896.0
AL012013,LSTM,2,8658.1,8263.3,8028.5,6897.8
AL012013,Transformer,2,9563.3,9198.4,9701.4,8545.9
AL012013,GNO+DynGNN,2,8381.4,8246.6,7088.4,7910.4
AL022013,LSTM,11,9232.4,8950.3,9518.7,8836.4
AL022013,Transformer,11,10540.9,10191.7,10655.9,10812.5
AL022013,GNO+DynGNN,11,8985.0,9238.4,8172.6,9656.7
AL032013,LSTM,1,5223.1,5092.8,6245.5,6323.3
AL032013,Transformer,1,6765.7,6440.5,7234.5,8314.0
AL032013,GNO+DynGNN,1,5007.3,5637.8,4834.0,7077.7
AL042013,LSTM,39,5857.4,5683.8,6258.3,5851.9
AL042013,Transformer,39,7099.1,6799.1,7576.7,7801.6
AL042013,GNO+DynGNN,39,5652.4,5952.7,5038.7,6753.5
AL052013,LSTM,8,3534.1,3403.1,3727.4,3297.9
AL052013,Transformer,8,4686.2,4346.5,5237.2,5181.5
AL052013,GNO+DynGNN,8,3396.0,3582.9,2712.9,4316.2
AL072013,LSTM,24,7042.0,6750.0,6881.0,6202.5
AL072013,Transformer,24,8103.8,7749.7,8392.5,8072.1
AL072013,GNO+DynGNN,24,6812.7,6855.5,5804.5,7186.0
AL092013,LSTM,34,3654.1,3512.3,3605.7,3362.1
AL092013,Transformer,34,4614.0,4307.5,5273.9,5103.4
AL092013,GNO+DynGNN,34,3537.9,3548.8,2795.2,4437.4
AL102013,LSTM,10,9813.0,9452.2,9808.1,9113.2
AL102013,Transformer,10,10971.3,10616.9,11055.5,11056.3
AL102013,GNO+DynGNN,10,9529.2,9632.1,8554.2,9907.8
AL112013,LSTM,21,4991.7,4757.3,4453.1,4012.1
AL112013,Transformer,21,5779.3,5451.1,6298.8,5628.9
AL112013,GNO+DynGNN,21,4842.2,4652.8,3771.9,5128.6
AL122013,LSTM,2,9257.2,8949.5,9213.8,8565.3
AL122013,Transformer,2,10314.5,10019.0,10627.3,10483.7
AL122013,GNO+DynGNN,2,8980.1,9055.6,8049.7,9431.3
AL132013,LSTM,9,5529.1,5253.0,5040.3,4477.8
AL132013,Transformer,9,6343.7,6016.8,6802.1,6214.0
AL132013,GNO+DynGNN,9,5350.8,5182.1,4225.4,5542.6
AL142013,LSTM,14,5815.4,5574.2,5065.6,4589.9
AL142013,Transformer,14,6439.0,6168.7,7014.4,5923.9
AL142013,GNO+DynGNN,14,5652.5,5374.5,4583.4,5668.7
AL152013,LSTM,4,4188.7,4158.1,3447.8,3818.4
AL152013,Transformer,4,4403.2,4355.1,5643.1,5092.9
AL152013,GNO+DynGNN,4,4178.0,3690.8,3404.1,4972.7
AL012014,LSTM,35,7917.5,7673.0,7378.6,7049.5
AL012014,Transformer,35,8500.4,8329.7,9221.5,8623.6
AL012014,GNO+DynGNN,35,7696.7,7462.8,6700.1,8038.4
AL022014,LSTM,5,3803.3,3632.1,4550.5,4075.3
AL022014,Transformer,5,5353.4,4941.0,5542.1,6066.5
AL022014,GNO+DynGNN,5,3616.0,4163.0,3103.4,4887.7
AL032014,LSTM,35,6623.7,6374.3,6567.4,5976.8
AL032014,Transformer,35,7697.5,7372.5,8064.2,7693.8
AL032014,GNO+DynGNN,35,6402.0,6519.6,5565.3,6918.5
AL042014,LSTM,27,7106.7,6888.1,6432.0,6397.1
AL042014,Transformer,27,7570.8,7412.3,8354.3,7659.5
AL042014,GNO+DynGNN,27,6941.7,6619.7,6024.3,7386.3
AL052014,LSTM,1,9964.6,9662.3,10004.1,9476.2
AL052014,Transformer,1,11083.2,10808.9,11277.9,11446.2
AL052014,GNO+DynGNN,1,9684.4,9825.8,8739.1,10278.8
AL062014,LSTM,35,5468.3,5260.6,5094.3,4717.7
AL062014,Transformer,35,6198.8,5973.1,6863.6,6330.6
AL062014,GNO+DynGNN,35,5314.7,5174.5,4423.0,5711.8
AL072014,LSTM,2,6855.5,6601.3,6683.9,5794.7
AL072014,Transformer,2,7863.9,7563.1,8309.7,7583.1
AL072014,GNO+DynGNN,2,6626.4,6682.9,5739.2,6781.8
AL082014,LSTM,27,6804.4,6484.4,6724.7,6058.2
AL082014,Transformer,27,7877.6,7543.3,8112.1,7808.2
AL082014,GNO+DynGNN,27,6568.0,6654.1,5675.5,6857.8
AL092014,LSTM,25,8866.2,8466.4,8873.3,7821.8
AL092014,Transformer,25,10184.5,9717.9,9949.4,9801.1
AL092014,GNO+DynGNN,25,8614.5,8754.4,7480.1,8618.6
AL012015,LSTM,16,8194.7,7918.8,7882.3,7246.7
AL012015,Transformer,16,9015.7,8784.0,9551.9,9058.2
AL012015,GNO+DynGNN,16,7937.5,7857.8,6914.9,8220.5
AL022015,LSTM,10,9901.5,9592.2,9358.4,8414.0
AL022015,Transformer,10,10649.2,10410.5,11080.2,10211.7
AL022015,GNO+DynGNN,10,9619.4,9451.4,8415.3,9418.8
AL032015,LSTM,3,7523.2,7178.2,6653.4,6135.0
AL032015,Transformer,3,8179.4,7851.8,8582.7,7689.3
AL032015,GNO+DynGNN,3,7288.8,6965.6,5947.3,7241.0
AL042015,LSTM,19,4320.0,4054.4,4843.0,4207.5
AL042015,Transformer,19,5776.7,5334.4,5861.3,6182.8
AL042015,GNO+DynGNN,19,4111.4,4540.4,3451.7,4936.7
AL052015,LSTM,4,5643.4,5442.3,6203.1,5787.8
AL052015,Transformer,4,7025.8,6681.3,7308.8,7767.2
AL052015,GNO+DynGNN,4,5429.2,5846.6,4857.1,6576.9
AL062015,LSTM,19,3302.1,3181.2,3375.1,3121.9
AL062015,Transformer,19,4318.3,4004.9,4984.5,4937.5
AL062015,GNO+DynGNN,19,3195.3,3252.5,2502.9,4170.2
AL072015,LSTM,5,3100.0,2935.1,3713.1,3350.2
AL072015,Transformer,5,4485.8,4092.9,4878.5,5323.2
AL072015,GNO+DynGNN,5,2933.7,3337.8,2394.3,4177.6
AL082015,LSTM,1,6586.7,6313.6,6278.5,5856.1
AL082015,Transformer,1,7438.7,7148.9,7979.1,7616.4
AL082015,GNO+DynGNN,1,6372.4,6273.4,5359.8,6905.5
AL092015,LSTM,7,4422.3,4140.3,4623.2,3867.2
AL092015,Transformer,7,5812.8,5326.4,5841.1,5817.3
AL092015,GNO+DynGNN,7,4230.2,4514.7,3338.9,4802.7
AL102015,LSTM,39,4326.4,4076.6,4465.7,3765.0
AL102015,Transformer,39,5595.5,5166.3,5803.5,5679.7
AL102015,GNO+DynGNN,39,4142.6,4361.1,3278.5,4729.9
AL112015,LSTM,64,6406.8,6189.3,5662.5,5390.2
AL112015,Transformer,64,6797.1,6638.3,7506.0,6716.6
AL112015,GNO+DynGNN,64,6293.3,5908.1,5321.8,6315.5
AL122015,LSTM,8,7516.7,7055.8,6452.9,5466.6
AL122015,Transformer,8,8322.6,7864.6,8288.2,7060.5
AL122015,GNO+DynGNN,8,7273.8,6959.0,5717.4,6502.0
AL012016,LSTM,30,5186.6,4907.7,4423.6,4208.9
AL012016,Transformer,30,5794.0,5486.3,6332.1,5698.4
AL012016,GNO+DynGNN,30,5049.2,4687.7,3908.1,5272.4
AL022016,LSTM,44,7377.1,7052.1,6725.2,5857.4
AL022016,Transformer,44,8146.1,7823.9,8486.6,7622.1
AL022016,GNO+DynGNN,44,7147.3,6927.1,5849.6,6905.1
AL032016,LSTM,3,8785.8,8353.5,7933.7,6241.7
AL032016,Transformer,3,9716.6,9309.0,9588.9,7899.9
AL032016,GNO+DynGNN,3,8511.7,8354.8,6954.7,7285.9
AL052016,LSTM,8,9059.5,8773.5,9430.1,8856.4
AL052016,Transformer,8,10342.7,10019.7,10511.3,10818.6
AL052016,GNO+DynGNN,8,8787.4,9075.7,8097.9,9557.4
AL062016,LSTM,19,4855.2,4674.7,5185.2,4886.9
AL062016,Transformer,19,6067.1,5745.7,6567.7,6807.9
AL062016,GNO+DynGNN,19,4665.2,4933.2,4035.7,5821.8
AL072016,LSTM,41,5103.0,4883.1,4970.0,4572.2
AL072016,Transformer,41,6027.9,5754.4,6591.1,6282.1
AL072016,GNO+DynGNN,41,4932.4,4938.4,4114.6,5525.9
AL082016,LSTM,9,7650.2,7460.6,7499.7,6982.4
AL082016,Transformer,9,8478.9,8298.9,9201.8,8811.4
AL082016,GNO+DynGNN,9,7418.4,7406.6,6558.1,7998.5
AL092016,LSTM,35,8346.5,8027.9,7930.9,7233.8
AL092016,Transformer,35,9162.2,8897.8,9582.5,9037.4
AL092016,GNO+DynGNN,35,8090.7,7966.4,6979.4,8175.2
AL102016,LSTM,9,5802.8,5618.4,5515.9,5336.3
AL102016,Transformer,9,6656.0,6402.5,7338.6,6787.7
AL102016,GNO+DynGNN,9,5619.4,5586.8,4810.2,6439.4
AL112016,LSTM,21,8136.1,7833.0,7803.0,7161.8
AL112016,Transformer,21,9005.6,8729.8,9429.8,9029.8
AL112016,GNO+DynGNN,21,7879.8,7798.6,6781.4,8130.9
AL122016,LSTM,42,4770.7,4596.0,4962.8,4467.5
AL122016,Transformer,42,5917.8,5594.6,6402.8,6338.3
AL122016,GNO+DynGNN,42,4598.6,4785.7,3871.9,5441.5
AL132016,LSTM,18,3661.1,3506.0,3691.4,3404.2
AL132016,Transformer,18,4725.4,4379.2,5302.1,5186.6
AL132016,GNO+DynGNN,18,3525.9,3610.1,2785.1,4486.6
AL142016,LSTM,38,7749.9,7404.4,7860.0,7055.5
AL142016,Transformer,38,8929.5,8575.2,8988.1,8937.4
AL142016,GNO+DynGNN,38,7483.3,7674.4,6652.2,7673.4
AL152016,LSTM,51,6667.8,6373.4,6290.0,5794.9
AL152016,Transformer,51,7479.6,7207.7,7936.9,7493.1
AL152016,GNO+DynGNN,51,6461.1,6337.8,5441.0,6710.9
AL162016,LSTM,26,8261.3,7866.0,8566.9,7585.6
AL162016,Transformer,26,9760.5,9248.7,9376.3,9562.0
AL162016,GNO+DynGNN,26,8014.0,8334.0,7071.2,8219.9
AL012017,LSTM,15,5160.2,5034.3,4745.5,4665.8
AL012017,Transformer,15,5720.1,5554.6,6698.2,6274.5
AL012017,GNO+DynGNN,15,5035.9,4788.0,4210.5,5755.9
AL032017,LSTM,8,9576.5,9290.2,9389.6,8415.9
AL032017,Transformer,8,10500.4,10264.0,10937.8,10242.3
AL032017,GNO+DynGNN,8,9292.5,9298.9,8336.9,9347.1
AL072017,LSTM,6,9127.8,8853.2,9438.7,8955.8
AL072017,Transformer,6,10357.4,10051.4,10619.5,10919.6
AL072017,GNO+DynGNN,6,8863.4,9100.9,8138.5,9723.5
AL082017,LSTM,16,7488.7,7158.6,6915.1,6137.3
AL082017,Transformer,16,8314.7,8005.8,8647.0,7764.0
AL082017,GNO+DynGNN,16,7252.4,7103.5,6080.0,7133.8
AL092017,LSTM,62,8775.1,8493.6,8874.9,8229.7
AL092017,Transformer,62,9901.2,9605.2,10181.0,10143.9
AL092017,GNO+DynGNN,62,8510.3,8665.1,7664.4,9067.1
AL112017,LSTM,54,6382.5,6116.6,6666.2,6232.4
AL112017,Transformer,54,7512.6,7226.7,7853.8,8110.8
AL112017,GNO+DynGNN,54,6154.2,6370.1,5511.1,6855.3
AL122017,LSTM,73,6796.7,6528.8,6754.5,6243.9
AL122017,Transformer,73,7764.7,7499.6,8214.5,8080.3
AL122017,GNO+DynGNN,73,6565.7,6625.0,5721.2,7068.5
AL132017,LSTM,6,9784.5,9409.1,9786.9,9078.0
AL132017,Transformer,6,10911.8,10569.3,11006.2,11037.8
AL132017,GNO+DynGNN,6,9487.4,9572.4,8516.3,9814.9
AL142017,LSTM,51,4985.5,4777.5,4963.1,4516.9
AL142017,Transformer,51,6000.1,5699.3,6519.6,6318.9
AL142017,GNO+DynGNN,51,4812.2,4884.0,3992.2,5500.5
AL152017,LSTM,56,7083.9,6760.3,6873.1,6211.3
AL152017,Transformer,56,8039.6,7726.8,8308.8,7944.6
AL152017,GNO+DynGNN,56,6845.4,6848.4,5889.0,6988.5
AL162017,LSTM,20,8853.6,8524.2,8648.8,7699.4
AL162017,Transformer,20,9961.3,9595.5,10082.8,9491.2
AL162017,GNO+DynGNN,20,8594.9,8661.1,7556.6,8631.6
AL172017,LSTM,35,4630.3,4532.5,4000.1,4292.9
AL172017,Transformer,35,4980.1,4878.5,6061.2,5509.8
AL172017,GNO+DynGNN,35,4578.2,4169.9,3817.0,5375.1
AL192017,LSTM,9,5613.1,5399.5,5241.6,5156.5
AL192017,Transformer,9,6416.0,6132.1,7082.8,6768.7
AL192017,GNO+DynGNN,9,5440.1,5309.7,4512.1,6275.9
AL012018,LSTM,14,8887.1,8603.2,8700.8,8134.2
AL012018,Transformer,14,9825.4,9555.9,10278.2,9940.7
AL012018,GNO+DynGNN,14,8619.5,8614.0,7674.9,9090.9
AL022018,LSTM,40,6504.1,6259.2,6619.7,6041.2
AL022018,Transformer,40,7673.2,7333.1,8001.0,7909.5
AL022018,GNO+DynGNN,40,6277.1,6475.5,5474.7,6960.4
AL032018,LSTM,38,7352.4,7161.3,6606.2,6494.6
AL032018,Transformer,38,7692.3,7590.3,8592.6,7807.6
AL032018,GNO+DynGNN,38,7199.5,6819.0,6230.2,7513.1
AL042018,LSTM,20,5750.8,5616.9,5266.2,5095.7
AL042018,Transformer,20,6277.5,6145.2,7245.7,6648.7
AL042018,GNO+DynGNN,20,5617.0,5363.4,4700.3,6209.6
AL052018,LSTM,6,5780.5,5718.0,4782.3,5472.9
AL052018,Transformer,6,5879.4,5830.9,7135.8,6171.7
AL052018,GNO+DynGNN,6,5709.5,5160.2,4932.7,6576.4
AL062018,LSTM,67,5826.7,5615.8,5921.8,5561.1
AL062018,Transformer,67,6819.8,6572.8,7403.4,7409.5
AL062018,GNO+DynGNN,67,5626.8,5723.9,4905.0,6424.4
AL072018,LSTM,13,8931.3,8695.8,8920.1,8482.6
AL072018,Transformer,13,9866.2,9667.5,10489.3,10354.8
AL072018,GNO+DynGNN,13,8659.4,8718.7,7872.6,9398.6
AL082018,LSTM,30,3724.3,3590.3,3665.7,3633.0
AL082018,Transformer,30,4631.7,4358.1,5354.5,5153.0
AL082018,GNO+DynGNN,30,3611.1,3620.5,2975.9,4660.1
AL092018,LSTM,19,4644.6,4410.2,5196.8,4721.9
AL092018,Transformer,19,6036.0,5647.7,6274.5,6705.5
AL092018,GNO+DynGNN,19,4434.8,4837.3,3831.7,5464.8
AL102018,LSTM,27,4663.6,4507.3,3900.6,3666.9
AL102018,Transformer,27,5106.2,4901.2,5946.3,5169.9
AL102018,GNO+DynGNN,27,4584.0,4168.8,3528.0,4808.5
AL122018,LSTM,16,4356.8,4179.6,5182.1,4638.1
AL122018,Transformer,16,5906.8,5516.5,6117.6,6628.3
AL122018,GNO+DynGNN,16,4151.5,4734.0,3720.2,5371.3
AL132018,LSTM,77,5693.1,5469.0,5164.4,4777.7
AL132018,Transformer,77,6313.6,6103.1,7012.2,6402.5
AL132018,GNO+DynGNN,77,5539.5,5291.5,4504.1,5800.0
AL142018,LSTM,26,8232.8,7834.3,7403.1,6511.6
AL142018,Transformer,26,8968.8,8614.9,9117.6,7953.7
AL142018,GNO+DynGNN,26,7984.4,7711.9,6705.1,7396.9
AL152018,LSTM,6,2978.5,2720.4,3304.3,2584.2
AL152018,Transformer,6,4416.0,3896.3,4496.1,4516.5
AL152018,GNO+DynGNN,6,2803.5,3138.7,2009.6,3535.8
AL162018,LSTM,24,6110.1,5934.9,5618.7,5659.6
AL162018,Transformer,24,6652.1,6504.4,7517.5,6946.1
AL162018,GNO+DynGNN,24,5962.8,5728.4,5183.1,6652.2
AL022019,LSTM,13,9433.2,9145.7,9280.8,8706.7
AL022019,Transformer,13,10338.3,10116.5,10828.4,10574.7
AL022019,GNO+DynGNN,13,9147.7,9145.4,8215.7,9607.5
AL042019,LSTM,13,5433.4,5266.1,4719.5,4592.1
AL042019,Transformer,13,5839.9,5674.7,6768.6,6192.8
AL042019,GNO+DynGNN,13,5321.1,4906.8,4242.7,5714.5
AL052019,LSTM,58,7318.5,7001.6,7318.2,6664.4
AL052019,Transformer,58,8400.2,8082.8,8642.7,8508.5
AL052019,GNO+DynGNN,58,7066.6,7177.1,6203.2,7415.4
AL062019,LSTM,2,7595.3,7372.0,7414.9,6715.7
AL062019,Transformer,2,8456.6,8235.4,9110.3,8481.6
AL062019,GNO+DynGNN,2,7353.8,7328.5,6471.4,7755.1
AL082019,LSTM,23,4754.6,4650.2,4571.6,4576.7
AL082019,Transformer,23,5515.0,5324.3,6432.4,6147.5
AL082019,GNO+DynGNN,23,4624.4,4556.9,3940.0,5676.7
AL092019,LSTM,22,7828.2,7475.3,7446.4,6595.7
AL092019,Transformer,22,8742.1,8425.7,8994.0,8405.7
AL092019,GNO+DynGNN,22,7572.7,7494.5,6441.5,7483.8
AL102019,LSTM,33,6513.3,6251.2,6547.3,5946.9
AL102019,Transformer,33,7609.2,7291.5,7977.7,7818.7
AL102019,GNO+DynGNN,33,6284.0,6421.4,5448.8,6840.4
AL122019,LSTM,13,6642.7,6302.3,6689.9,5709.5
AL122019,Transformer,13,7982.2,7512.5,7915.3,7638.9
AL122019,GNO+DynGNN,13,6411.4,6632.1,5416.1,6613.8
AL132019,LSTM,36,4328.8,4126.8,4289.4,4148.9
AL132019,Transformer,36,5276.6,4990.5,5850.3,5696.2
AL132019,GNO+DynGNN,36,4185.5,4219.6,3516.3,5046.0
AL142019,LSTM,13,7495.8,7229.5,6890.8,6207.2
AL142019,Transformer,13,8080.8,7906.5,8751.5,7904.5
AL142019,GNO+DynGNN,13,7273.0,7018.7,6128.9,7213.9
AL152019,LSTM,1,2420.6,2385.8,2521.4,2465.5
AL152019,Transformer,1,3477.7,3109.9,4195.6,4264.8
AL152019,GNO+DynGNN,1,2358.1,2389.8,1781.1,3585.2
AL162019,LSTM,3,9113.7,8693.3,8623.5,7293.7
AL162019,Transformer,3,10082.0,9689.2,10164.5,9096.2
AL162019,GNO+DynGNN,3,8826.0,8710.4,7548.4,8258.6
AL182019,LSTM,10,4607.8,4543.9,3694.6,4397.7
AL182019,Transformer,10,4735.0,4646.3,5963.7,5301.6
AL182019,GNO+DynGNN,10,4583.4,3997.1,3858.9,5513.7
AL192019,LSTM,11,5659.7,5522.2,4835.9,4664.2
AL192019,Transformer,11,5825.1,5807.4,6933.1,6039.6
AL192019,GNO+DynGNN,11,5588.7,5080.4,4569.5,5723.1
AL202019,LSTM,22,5677.8,5428.8,4989.4,4836.6
AL202019,Transformer,22,6345.5,6032.2,6877.8,6049.4
AL202019,GNO+DynGNN,22,5526.8,5259.6,4575.4,5874.8
AL012020,LSTM,6,7959.2,7607.4,7214.1,6317.3
AL012020,Transformer,6,8695.9,8383.1,8996.7,8107.9
AL012020,GNO+DynGNN,6,7708.6,7475.0,6369.1,7304.8
AL032020,LSTM,33,9384.3,9055.3,9107.6,8381.8
AL032020,Transformer,33,10360.6,10040.9,10600.4,10173.8
AL032020,GNO+DynGNN,33,9113.3,9093.4,8049.1,9304.9
AL052020,LSTM,10,6294.1,6083.1,5118.5,5372.1
AL052020,Transformer,10,6587.5,6353.0,7382.9,6187.1
AL052020,GNO+DynGNN,10,6152.6,5614.7,5092.4,6457.1
AL062020,LSTM,15,8350.8,8045.3,7834.7,7197.6
AL062020,Transformer,15,9135.9,8855.7,9578.2,8981.0
AL062020,GNO+DynGNN,15,8094.7,7928.5,6906.9,8239.9
AL072020,LSTM,11,4398.2,4136.1,5114.4,4494.6
AL072020,Transformer,11,5983.4,5511.5,5951.5,6482.2
AL072020,GNO+DynGNN,11,4182.6,4721.6,3598.1,5168.2
AL082020,LSTM,6,9698.2,9442.6,9735.9,9212.3
AL082020,Transformer,6,10663.3,10465.2,11173.6,11137.4
AL082020,GNO+DynGNN,6,9413.4,9491.4,8591.0,10055.4
AL092020,LSTM,24,7719.5,7439.8,7807.8,7181.1
AL092020,Transformer,24,8859.2,8548.6,9173.0,9065.3
AL092020,GNO+DynGNN,24,7464.3,7633.8,6648.8,8032.0
AL102020,LSTM,2,1987.8,1886.0,1916.7,1964.6
AL102020,Transformer,2,3181.9,2624.8,3623.6,3594.8
AL102020,GNO+DynGNN,2,1923.8,1893.3,1334.0,3169.8
AL112020,LSTM,12,4762.7,4556.6,5355.5,4899.7
AL112020,Transformer,12,6221.8,5821.4,6451.3,6869.9
AL112020,GNO+DynGNN,12,4558.6,5012.8,3997.8,5744.5
AL132020,LSTM,30,7857.6,7618.9,8156.9,7671.9
AL132020,Transformer,30,9049.1,8773.0,9433.6,9593.3
AL132020,GNO+DynGNN,30,7602.6,7858.8,6943.5,8474.2
AL142020,LSTM,9,8884.5,8570.7,8895.6,8309.3
AL142020,Transformer,9,10032.8,9694.5,10257.5,10225.3
AL142020,GNO+DynGNN,9,8617.3,8745.2,7716.3,9166.2
AL152020,LSTM,15,7245.2,6914.3,6520.5,5834.0
AL152020,Transformer,15,7937.3,7628.1,8342.3,7567.5
AL152020,GNO+DynGNN,15,7018.3,6742.1,5707.0,6886.1
AL162020,LSTM,1,8600.1,8380.0,9088.2,8492.5
AL162020,Transformer,1,9916.6,9641.5,10142.2,10474.3
AL162020,GNO+DynGNN,1,8342.7,8715.8,7723.3,9183.3
AL172020,LSTM,76,5155.2,5012.7,4540.5,4442.5
AL172020,Transformer,76,5582.6,5442.4,6514.3,5889.5
AL172020,GNO+DynGNN,76,5073.1,4717.7,4190.6,5499.6
AL182020,LSTM,20,3616.5,3495.0,3852.7,3554.0
AL182020,Transformer,20,4743.5,4423.6,5356.6,5408.2
AL182020,GNO+DynGNN,20,3482.3,3657.3,2837.4,4584.9
AL192020,LSTM,16,8978.4,8676.9,8824.1,8082.0
AL192020,Transformer,16,9912.3,9670.0,10318.7,9960.3
AL192020,GNO+DynGNN,16,8698.1,8708.5,7748.0,8932.1
AL202020,LSTM,37,5542.7,5306.9,5734.3,5310.4
AL202020,Transformer,37,6675.0,6368.7,7088.9,7124.9
AL202020,GNO+DynGNN,37,5335.4,5533.8,4649.0,6140.7
AL212020,LSTM,12,3765.1,3608.8,3797.7,3392.5
AL212020,Transformer,12,4773.7,4462.9,5363.8,5272.0
AL212020,GNO+DynGNN,12,3637.5,3690.2,2835.2,4394.3
AL222020,LSTM,22,9724.0,9398.2,9512.5,8742.9
AL222020,Transformer,22,10679.2,10402.4,10997.5,10640.2
AL222020,GNO+DynGNN,22,9438.3,9422.7,8390.6,9641.0
AL232020,LSTM,5,3190.0,3010.9,3782.6,3372.9
AL232020,Transformer,5,4657.8,4225.2,4916.3,5337.3
AL232020,GNO+DynGNN,5,3017.0,3466.1,2432.4,4262.3
AL242020,LSTM,8,4573.3,4519.0,3162.4,3878.2
AL242020,Transformer,8,4198.6,4245.3,5581.6,4557.3
AL242020,GNO+DynGNN,8,4683.1,3746.5,3751.5,4992.1
AL252020,LSTM,9,9028.9,8673.7,9010.3,8155.4
AL252020,Transformer,9,10201.0,9829.9,10251.5,10101.2
AL252020,GNO+DynGNN,9,8756.6,8875.1,7754.3,8935.6
AL262020,LSTM,19,9169.9,8868.8,9238.3,8549.4
AL262020,Transformer,19,10256.0,9983.2,10543.8,10426.7
AL262020,GNO+DynGNN,19,8882.8,9026.2,8097.6,9288.7
AL272020,LSTM,29,6334.8,6078.1,6069.6,5572.1
AL272020,Transformer,29,7186.0,6928.9,7716.5,7277.1
AL272020,GNO+DynGNN,29,6131.3,6067.0,5185.1,6528.2
AL282020,LSTM,13,9017.5,8706.9,9112.3,8171.9
AL282020,Transformer,13,10194.9,9866.1,10392.7,10059.4
AL282020,GNO+DynGNN,13,8740.9,8913.2,7898.2,9000.8
AL292020,LSTM,46,8613.2,8250.9,8632.8,7671.1
AL292020,Transformer,46,9837.2,9439.0,9801.7,9597.3
AL292020,GNO+DynGNN,46,8346.8,8500.9,7354.1,8433.8
AL302020,LSTM,21,4190.6,4031.8,3283.0,3285.7
AL302020,Transformer,21,4573.3,4347.2,5402.9,4531.0
AL302020,GNO+DynGNN,21,4141.8,3644.7,3162.7,4418.9
AL312020,LSTM,14,7990.6,7658.0,8398.9,7647.9
AL312020,Transformer,14,9403.0,8982.4,9279.0,9605.0
AL312020,GNO+DynGNN,14,7733.2,8083.0,6976.9,8258.6
AL012021,LSTM,5,6692.2,6536.0,6431.5,5839.9
AL012021,Transformer,5,7371.9,7271.2,8208.8,7593.3
AL012021,GNO+DynGNN,5,6505.5,6424.9,5599.4,6865.6
AL032021,LSTM,11,9010.0,8614.6,8261.6,7057.4
AL032021,Transformer,11,9842.2,9483.2,9956.5,8817.2
AL032021,GNO+DynGNN,11,8737.1,8530.9,7297.5,8082.4
AL052021,LSTM,31,7864.0,7596.8,7963.7,7308.8
AL052021,Transformer,31,9010.4,8703.9,9337.3,9191.4
AL052021,GNO+DynGNN,31,7608.0,7794.3,6808.0,8170.6
AL062021,LSTM,33,8224.4,7956.0,8192.1,7538.9
AL062021,Transformer,33,9296.5,8997.3,9648.4,9413.8
AL062021,GNO+DynGNN,33,7971.0,8075.9,7072.7,8466.5
AL072021,LSTM,26,7696.9,7469.0,8164.7,7690.4
AL072021,Transformer,26,8998.9,8696.7,9306.7,9666.8
AL072021,GNO+DynGNN,26,7449.9,7791.4,6843.5,8456.9
AL082021,LSTM,30,7392.9,7158.2,7168.4,6774.9
AL082021,Transformer,30,8173.4,7984.4,8866.5,8569.4
AL082021,GNO+DynGNN,30,7161.8,7089.7,6266.3,7724.4
AL092021,LSTM,28,8806.9,8482.3,8330.5,7652.6
AL092021,Transformer,28,9601.7,9331.2,9995.6,9379.1
AL092021,GNO+DynGNN,28,8537.3,8398.5,7439.3,8573.0
AL102021,LSTM,9,5148.4,4871.2,5186.7,4481.8
AL102021,Transformer,9,6412.6,5970.9,6568.9,6379.8
AL102021,GNO+DynGNN,9,4947.7,5137.1,4031.2,5469.1
AL112021,LSTM,1,5583.4,5295.5,4624.4,5543.7
AL112021,Transformer,1,6069.3,5723.2,6802.8,6688.0
AL112021,GNO+DynGNN,1,5444.0,4958.2,4435.2,6672.0
AL122021,LSTM,34,5189.7,4971.6,5401.1,5065.6
AL122021,Transformer,34,6293.2,6011.4,6789.3,6856.0
AL122021,GNO+DynGNN,34,4995.7,5190.2,4356.0,5885.1
AL142021,LSTM,9,9800.2,9433.1,9423.9,8633.8
AL142021,Transformer,9,10691.9,10399.7,10952.3,10529.7
AL142021,GNO+DynGNN,9,9507.8,9414.7,8338.3,9520.7
AL152021,LSTM,31,6391.3,6176.9,5436.8,5104.5
AL152021,Transformer,31,6675.0,6536.9,7548.4,6582.5
AL152021,GNO+DynGNN,31,6260.0,5763.0,5072.9,6200.4
AL162021,LSTM,4,6209.8,5965.7,6532.4,5873.4
AL162021,Transformer,4,7483.1,7142.8,7758.6,7838.1
AL162021,GNO+DynGNN,4,5982.8,6279.0,5257.3,6708.4
AL172021,LSTM,10,3808.9,3678.4,3915.8,3622.5
AL172021,Transformer,10,4898.2,4574.8,5521.7,5421.6
AL172021,GNO+DynGNN,10,3667.6,3807.2,2998.6,4700.3
AL182021,LSTM,47,5687.9,5420.2,5633.3,5186.7
AL182021,Transformer,47,6665.5,6377.4,7051.1,6859.0
AL182021,GNO+DynGNN,47,5496.3,5559.4,4711.4,5953.5
AL202021,LSTM,10,3024.8,2806.0,3561.0,2927.7
AL202021,Transformer,10,4525.4,4045.0,4662.5,4880.6
AL202021,GNO+DynGNN,10,2841.7,3296.0,2194.9,3824.9
AL212021,LSTM,42,5958.2,5750.9,5143.5,4835.5
AL212021,Transformer,42,6331.7,6180.0,7166.2,6339.3
AL212021,GNO+DynGNN,42,5828.1,5402.6,4695.3,5912.8
AL012022,LSTM,5,8491.4,8029.8,7810.9,6373.0
AL012022,Transformer,5,9533.8,9046.6,9333.9,8198.2
AL012022,GNO+DynGNN,5,8225.3,8094.2,6717.8,7365.5
AL022022,LSTM,43,9722.3,9480.7,10301.0,9916.1
AL022022,Transformer,43,11064.5,10779.5,11296.4,11883.4
AL022022,GNO+DynGNN,43,9453.8,9829.1,8926.7,10606.3
AL052022,LSTM,50,5407.0,5338.4,4439.6,4713.4
AL052022,Transformer,50,5346.0,5387.5,6677.9,5806.1
AL052022,GNO+DynGNN,50,5400.9,4761.3,4549.1,5793.6
AL062022,LSTM,40,6650.9,6383.2,6200.1,5720.0
AL062022,Transformer,40,7382.3,7134.7,7921.0,7352.8
AL062022,GNO+DynGNN,40,6458.0,6293.1,5451.5,6675.8
AL072022,LSTM,49,6972.1,6710.2,6881.5,6453.8
AL072022,Transformer,49,7902.6,7643.2,8350.3,8152.1
AL072022,GNO+DynGNN,49,6752.9,6786.4,5944.5,7274.6
AL082022,LSTM,22,5138.7,5045.1,4318.8,4463.2
AL082022,Transformer,22,5294.7,5257.7,6516.7,5852.7
AL082022,GNO+DynGNN,22,5094.9,4567.3,4190.0,5580.7
AL092022,LSTM,28,8320.2,7983.0,8364.0,7574.8
AL092022,Transformer,28,9488.8,9139.4,9595.4,9475.4
AL092022,GNO+DynGNN,28,8052.4,8204.3,7156.6,8323.0
AL132022,LSTM,9,7868.3,7614.7,8523.8,7928.0
AL132022,Transformer,9,9335.0,8967.2,9406.2,9910.3
AL132022,GNO+DynGNN,9,7625.3,8072.7,7067.9,8590.3
AL142022,LSTM,6,9686.3,9286.7,9575.6,8657.7
AL142022,Transformer,6,10825.1,10443.9,10781.5,10631.7
AL142022,GNO+DynGNN,6,9404.2,9456.0,8266.8,9429.1
AL152022,LSTM,12,8767.7,8491.2,9176.8,8552.9
AL152022,Transformer,12,10082.2,9753.0,10249.9,10527.8
AL152022,GNO+DynGNN,12,8502.9,8815.2,7824.6,9271.7
AL162022,LSTM,9,6191.0,5890.8,5341.8,5508.3
AL162022,Transformer,9,6781.1,6483.9,7338.8,6797.0
AL162022,GNO+DynGNN,9,6012.1,5649.9,4854.7,6600.5
AL172022,LSTM,14,7857.6,7609.9,7938.6,7511.5
AL172022,Transformer,14,8857.9,8623.1,9378.4,9400.4
AL172022,GNO+DynGNN,14,7604.7,7705.1,6829.6,8367.3
AL012023,LSTM,3,7262.7,6907.2,6487.7,6695.0
AL012023,Transformer,3,7862.4,7548.9,8462.7,8134.8
AL012023,GNO+DynGNN,3,7039.0,6677.0,5922.6,7748.2
AL022023,LSTM,3,8930.2,8594.6,8723.4,7731.8
AL022023,Transformer,3,9927.1,9616.0,10131.2,9684.7
AL022023,GNO+DynGNN,3,8662.1,8656.6,7530.0,8596.5
AL032023,LSTM,11,5304.9,5063.6,5931.6,5413.9
AL032023,Transformer,11,6782.8,6380.2,6897.6,7405.0
AL032023,GNO+DynGNN,11,5081.2,5559.5,4501.9,6106.4
AL042023,LSTM,5,4813.0,4594.9,5400.9,4994.9
AL042023,Transformer,5,6290.7,5877.4,6514.8,6949.6
AL042023,GNO+DynGNN,5,4599.7,5069.3,4058.4,5867.4
AL052023,LSTM,46,5621.1,5472.8,5034.6,4923.7
AL052023,Transformer,46,6091.8,5952.6,7057.0,6455.3
AL052023,GNO+DynGNN,46,5496.4,5178.5,4551.6,6031.3
AL062023,LSTM,55,5993.1,5689.6,5959.9,5121.2
AL062023,Transformer,55,7199.9,6780.5,7308.9,7028.4
AL062023,GNO+DynGNN,55,5780.7,5917.1,4772.5,6063.8
AL072023,LSTM,16,4466.1,4310.8,4582.1,4247.4
AL072023,Transformer,16,5550.4,5244.1,6140.9,6072.6
AL072023,GNO+DynGNN,16,4302.0,4451.1,3600.9,5285.3
AL082023,LSTM,74,6561.5,6321.9,6030.2,5644.6
AL082023,Transformer,74,7162.8,6955.0,7765.8,7151.9
AL082023,GNO+DynGNN,74,6416.3,6170.3,5450.3,6580.1
AL102023,LSTM,42,7725.9,7408.1,7260.2,6601.3
AL102023,Transformer,42,8512.1,8236.5,8931.0,8348.0
AL102023,GNO+DynGNN,42,7488.3,7333.9,6379.6,7541.4
AL112023,LSTM,4,5673.2,5434.4,5409.1,5082.0
AL112023,Transformer,4,6577.9,6270.3,7107.8,6808.8
AL112023,GNO+DynGNN,4,5488.2,5430.9,4510.9,6172.7
AL122023,LSTM,55,4053.2,3866.4,3976.4,3424.0
AL122023,Transformer,55,5082.2,4725.6,5519.1,5245.2
AL122023,GNO+DynGNN,55,3923.5,3949.0,3032.4,4439.0
AL132023,LSTM,43,6514.0,6254.1,6505.6,6037.5
AL132023,Transformer,43,7489.7,7229.6,7943.9,7793.2
AL132023,GNO+DynGNN,43,6292.8,6371.5,5521.6,6827.1
AL142023,LSTM,34,4684.1,4529.2,4341.3,4189.1
AL142023,Transformer,34,5353.7,5160.2,6192.8,5808.5
AL142023,GNO+DynGNN,34,4570.7,4392.9,3740.8,5249.1
AL152023,LSTM,34,5818.0,5716.9,5286.1,5532.0
AL152023,Transformer,34,6159.3,6107.4,7280.4,6770.8
AL152023,GNO+DynGNN,34,5728.7,5406.3,5040.4,6563.9
AL162023,LSTM,3,8097.0,7850.5,7827.3,7391.5
AL162023,Transformer,3,8877.6,8692.9,9531.9,9162.6
AL162023,GNO+DynGNN,3,7844.5,7777.7,6934.8,8336.6
AL172023,LSTM,42,5601.0,5310.3,5836.1,5080.4
AL172023,Transformer,42,6911.9,6497.6,7025.4,7038.3
AL172023,GNO+DynGNN,42,5381.2,5650.1,4540.7,5912.0
AL182023,LSTM,4,4952.0,4730.8,5187.1,4896.9
AL182023,Transformer,4,6146.5,5799.7,6579.6,6783.0
AL182023,GNO+DynGNN,4,4754.0,4977.5,4056.1,5845.4
AL192023,LSTM,13,4008.6,3771.5,4382.2,3748.8
AL192023,Transformer,13,5415.0,4964.8,5573.7,5706.1
AL192023,GNO+DynGNN,13,3820.5,4173.1,3080.9,4653.5
AL202023,LSTM,42,6321.3,5991.5,6126.3,5330.0
AL202023,Transformer,42,7370.4,7000.0,7568.9,7193.8
AL202023,GNO+DynGNN,42,6098.5,6129.2,5059.7,6203.5
AL012024,LSTM,1,9562.5,9286.4,9719.1,9251.9
AL012024,Transformer,1,10693.6,10413.6,10976.6,11200.2
AL012024,GNO+DynGNN,1,9293.0,9439.9,8448.9,10086.8
AL022024,LSTM,45,8076.2,7797.7,8320.6,7735.1
AL022024,Transformer,45,9257.6,8956.4,9518.4,9626.4
AL022024,GNO+DynGNN,45,7810.7,8055.4,7109.7,8436.3
AL042024,LSTM,23,8531.9,8223.5,8212.0,7464.7
AL042024,Transformer,23,9419.3,9146.8,9821.3,9252.7
AL042024,GNO+DynGNN,23,8265.8,8209.0,7217.0,8411.0
AL052024,LSTM,29,6837.3,6549.2,6714.0,6086.1
AL052024,Transformer,29,7864.5,7548.1,8204.8,7861.0
AL052024,GNO+DynGNN,29,6607.7,6666.8,5698.4,6988.9
AL062024,LSTM,11,9673.3,9276.2,9296.0,8537.6
AL062024,Transformer,11,10630.9,10296.6,10780.4,10389.4
AL062024,GNO+DynGNN,11,9376.7,9307.7,8221.7,9396.1
AL072024,LSTM,12,4190.0,3994.0,4363.6,3798.9
AL072024,Transformer,12,5358.3,5004.7,5769.1,5726.8
AL072024,GNO+DynGNN,12,4025.0,4211.7,3234.7,4745.7
AL092024,LSTM,13,8826.8,8471.3,8646.6,8006.0
AL092024,Transformer,13,9872.8,9535.8,10055.7,9835.2
AL092024,GNO+DynGNN,13,8550.3,8583.5,7564.9,8829.8
AL102024,LSTM,23,5713.3,5556.9,4804.6,4947.6
AL102024,Transformer,23,5900.6,5822.3,6957.5,6138.6
AL102024,GNO+DynGNN,23,5633.5,5099.1,4677.4,6017.7
AL112024,LSTM,3,4810.5,4586.4,4956.0,4253.9
AL112024,Transformer,3,5988.7,5633.0,6372.9,6156.1
AL112024,GNO+DynGNN,3,4620.4,4818.3,3840.8,5207.8
AL122024,LSTM,30,4980.0,4762.0,4728.3,4530.9
AL122024,Transformer,30,5825.0,5560.1,6378.4,5968.4
AL122024,GNO+DynGNN,30,4827.0,4778.0,4044.4,5436.6
AL132024,LSTM,34,3801.1,3537.8,4125.0,3444.1
AL132024,Transformer,34,5159.5,4712.5,5310.0,5365.2
AL132024,GNO+DynGNN,34,3611.5,3930.3,2848.1,4311.0
AL142024,LSTM,22,9247.5,8810.3,8965.7,7784.7
AL142024,Transformer,22,10294.2,9914.4,10183.6,9649.0
AL142024,GNO+DynGNN,22,8951.4,8941.5,7802.7,8436.0
AL162024,LSTM,5,7555.6,7229.9,7701.7,6860.9
AL162024,Transformer,5,8756.1,8412.0,8876.9,8814.9
AL162024,GNO+DynGNN,5,7296.4,7493.0,6420.9,7586.0
AL172024,LSTM,3,5177.7,4970.9,3869.2,3827.4
AL172024,Transformer,3,5266.7,5135.3,6086.4,4870.7
AL172024,GNO+DynGNN,3,5134.8,4452.0,3849.7,4936.8
AL182024,LSTM,17,8555.0,8263.9,8742.9,8181.8
AL182024,Transformer,17,9706.6,9412.6,9987.0,10101.9
AL182024,GNO+DynGNN,17,8280.9,8471.4,7538.8,8912.4
AL192024,LSTM,8,8779.3,8430.6,8992.6,8116.6
AL192024,Transformer,8,10126.2,9708.0,10024.1,10090.5
AL192024,GNO+DynGNN,8,8524.6,8767.2,7600.2,8859.3
