scenario,metric,input_delta,observed_delta,mirrors_input
earlier_evacuation,peak_exposure,-0.12,-0.0084,False
earlier_evacuation_24h,peak_exposure,-0.2,-0.0128,False
delayed_evacuation,peak_exposure,0.12,0.0054,False
shelter_failure,resource_deficit,0.18,0.0002,False
hospital_failure,infra_damage_final,0.12,0.0,False
road_blockage,peak_exposure,0.08,-0.0013,False
intensity_increase,mean_hazard,0.1,-0.0009,False
intensity_decrease,mean_hazard,-0.1,0.0006,False
additional_emergency_resources,resource_deficit,-0.14,-0.0001,False
